{
  "calibration_points": [
    [
      -142.0,
      2.0
    ],
    [
      -282.0,
      135.0
    ],
    [
      -7.0,
      -135.0
    ]
  ],
  "slope": -0.9816218598501545,
  "intercept": -140.35967386513875,
  "r_squared": 0.9996371406043676,
  "fitted": true,
  "last_calibrated": "2026-07-03T23:09:48"
}